date,doc_num,debit,credit,counterparty,account,description,type,value
1/2/2026,162,,8000,"ООО ""БОБА БАБЛ""
ИНН:2315238804","Р/С:40702810500000670886
БИК:044525068",Перевод собственных средств с накопительного счета №40702810500000670886. НДС не облагается,,
1/2/2026,163,,300,"ООО ""БОБА БАБЛ""
ИНН:2315238804","Р/С:40702810500000670886
БИК:044525068",Перевод собственных средств с накопительного счета №40702810500000670886. НДС не облагается,,
1/2/2026,8020601725,8361,,"ООО ""ОЗОН Банк""
ИНН:9703077050","Р/С:30232810300000000026
БИК:044525068","Оплата по заказу № 0202027007-0027 от 02.01.2026 в том числе НДС. Получатель ООО ""ИНТЕРНЕТ РЕШЕНИЯ"", ИНН 7704217370.",ozon orders,8361
1/2/2026,164,,5000,"ООО ""БОБА БАБЛ""
ИНН:2315238804","Р/С:40702810500000670886
БИК:044525068",Перевод собственных средств с накопительного счета №40702810500000670886. НДС не облагается,,
1/2/2026,8032325745,777,,"ООО ""ОЗОН Банк""
ИНН:9703077050","Р/С:30232810100001430316
БИК:044525068","Оплата товаров и услуг (по бизнес карте 1905, сумма 777.00, MCC 5300, в устройстве 24644518, Moskva RU, 2026-01-02, 22:02:23, TBank-Avito)",purchase,777
1/3/2026,8033100132,2546,,"ООО ""ОЗОН Банк""
ИНН:9703077050","Р/С:30232810300000000026
БИК:044525068","Оплата по заказу № 0202027007-0028 от 03.01.2026 в том числе НДС. Получатель ООО ""ИНТЕРНЕТ РЕШЕНИЯ"", ИНН 7704217370.",ozon orders,2546
1/4/2026,8060397342,1050,,"ООО ""ОЗОН Банк""
ИНН:9703077050","Р/С:30232810300000000026
БИК:044525068","Оплата по заказу № 0202027007-0029 от 04.01.2026 в том числе НДС. Получатель ООО ""ИНТЕРНЕТ РЕШЕНИЯ"", ИНН 7704217370.",ozon orders,1050
1/4/2026,165,,15000,"ООО ""БОБА БАБЛ""
ИНН:2315238804","Р/С:40702810500000670886
БИК:044525068",Перевод собственных средств с накопительного счета №40702810500000670886. НДС не облагается,,
1/4/2026,8062144311,6319,,"ООО ""ОЗОН Банк""
ИНН:9703077050","Р/С:30232810300000000026
БИК:044525068","Оплата по заказу № 0202027007-0030 от 04.01.2026 в том числе НДС. Получатель ООО ""ИНТЕРНЕТ РЕШЕНИЯ"", ИНН 7704217370.",ozon orders,6319
1/4/2026,166,,20000,"ООО ""БОБА БАБЛ""
ИНН:2315238804","Р/С:40702810500000670886
БИК:044525068",Перевод собственных средств с накопительного счета №40702810500000670886. НДС не облагается,,
1/4/2026,8062151659,19600,,"ООО ""ОЗОН Банк""
ИНН:9703077050","Р/С:30232810300000000026
БИК:044525068","Оплата по заказу № 0202027007-0031 от 04.01.2026 в том числе НДС. Получатель ООО ""ИНТЕРНЕТ РЕШЕНИЯ"", ИНН 7704217370.",ozon orders,19600
1/5/2026,8073264131,4046,,"ООО ""ОЗОН Банк""
ИНН:9703077050","Р/С:30232810300000000026
БИК:044525068","Оплата по заказу № 0202027007-0032 от 05.01.2026 в том числе НДС. Получатель ООО ""ИНТЕРНЕТ РЕШЕНИЯ"", ИНН 7704217370.",ozon orders,4046
1/5/2026,8073279593,4046,,"ООО ""ОЗОН Банк""
ИНН:9703077050","Р/С:30232810300000000026
БИК:044525068","Оплата по заказу № 0202027007-0033 от 05.01.2026 в том числе НДС. Получатель ООО ""ИНТЕРНЕТ РЕШЕНИЯ"", ИНН 7704217370.",ozon orders,4046
1/5/2026,167,,5000,"ООО ""БОБА БАБЛ""
ИНН:2315238804","Р/С:40702810500000670886
БИК:044525068",Перевод собственных средств с накопительного счета №40702810500000670886. НДС не облагается,,
1/5/2026,8075823950,5629,,"ООО ""ОЗОН Банк""
ИНН:9703077050","Р/С:30232810300000000026
БИК:044525068","Оплата по заказу № 0202027007-0034 от 05.01.2026 в том числе НДС. Получатель ООО ""ИНТЕРНЕТ РЕШЕНИЯ"", ИНН 7704217370.",ozon orders,5629
1/5/2026,168,,5000,"ООО ""БОБА БАБЛ""
ИНН:2315238804","Р/С:40702810500000670886
БИК:044525068",Перевод собственных средств с накопительного счета №40702810500000670886. НДС не облагается,,
1/5/2026,8076469059,4118,,"ООО ""ОЗОН Банк""
ИНН:9703077050","Р/С:30232810300000000026
БИК:044525068","Оплата по заказу № 0202027007-0035 от 05.01.2026 в том числе НДС. Получатель ООО ""ИНТЕРНЕТ РЕШЕНИЯ"", ИНН 7704217370.",ozon orders,4118
1/5/2026,169,,5000,"ООО ""БОБА БАБЛ""
ИНН:2315238804","Р/С:40702810500000670886
БИК:044525068",Перевод собственных средств с накопительного счета №40702810500000670886. НДС не облагается,,
1/7/2026,8093654893,3946,,"ООО ""ОЗОН Банк""
ИНН:9703077050","Р/С:30232810300000000026
БИК:044525068","Оплата по заказу № 0202027007-0036 от 07.01.2026 в том числе НДС. Получатель ООО ""ИНТЕРНЕТ РЕШЕНИЯ"", ИНН 7704217370.",ozon orders,3946
1/7/2026,8093665750,2586,,"ООО ""ОЗОН Банк""
ИНН:9703077050","Р/С:30232810300000000026
БИК:044525068","Оплата по заказу № 0202027007-0037 от 07.01.2026 в том числе НДС. Получатель ООО ""ИНТЕРНЕТ РЕШЕНИЯ"", ИНН 7704217370.",ozon orders,2586
1/7/2026,170,,6000,"ООО ""БОБА БАБЛ""
ИНН:2315238804","Р/С:40702810500000670886
БИК:044525068",Перевод собственных средств с накопительного счета №40702810500000670886. НДС не облагается,,
1/7/2026,8107372235,4523,,"ООО ""ОЗОН Банк""
ИНН:9703077050","Р/С:30232810300000000026
БИК:044525068","Оплата по заказу № 0202027007-0038 от 07.01.2026 в том числе НДС. Получатель ООО ""ИНТЕРНЕТ РЕШЕНИЯ"", ИНН 7704217370.",ozon orders,4523
1/7/2026,171,,1000,"ООО ""БОБА БАБЛ""
ИНН:2315238804","Р/С:40702810500000670886
БИК:044525068",Перевод собственных средств с накопительного счета №40702810500000670886. НДС не облагается,,
1/7/2026,8107378120,2533,,"ООО ""ОЗОН Банк""
ИНН:9703077050","Р/С:30232810300000000026
БИК:044525068","Оплата по заказу № 0202027007-0039 от 07.01.2026 в том числе НДС. Получатель ООО ""ИНТЕРНЕТ РЕШЕНИЯ"", ИНН 7704217370.",ozon orders,2533
1/8/2026,172,,3000,"ООО ""БОБА БАБЛ""
ИНН:2315238804","Р/С:40702810500000670886
БИК:044525068",Перевод собственных средств с накопительного счета №40702810500000670886. НДС не облагается,,
1/8/2026,8118469080,2512,,"ООО ""ОЗОН Банк""
ИНН:9703077050","Р/С:30232810300000000026
БИК:044525068","Оплата по заказу № 0202027007-0040 от 08.01.2026 в том числе НДС. Получатель ООО ""ИНТЕРНЕТ РЕШЕНИЯ"", ИНН 7704217370.",ozon orders,2512
1/8/2026,173,,3000,"ООО ""БОБА БАБЛ""
ИНН:2315238804","Р/С:40702810500000670886
БИК:044525068",Перевод собственных средств с накопительного счета №40702810500000670886. НДС не облагается,,
1/8/2026,8118526596,2512,,"ООО ""ОЗОН Банк""
ИНН:9703077050","Р/С:30232810300000000026
БИК:044525068","Оплата по заказу № 0202027007-0041 от 08.01.2026 в том числе НДС. Получатель ООО ""ИНТЕРНЕТ РЕШЕНИЯ"", ИНН 7704217370.",ozon orders,2512
1/8/2026,174,,4000,"ООО ""БОБА БАБЛ""
ИНН:2315238804","Р/С:40702810500000670886
БИК:044525068",Перевод собственных средств с накопительного счета №40702810500000670886. НДС не облагается,,
1/9/2026,8123526154,,2352,"ООО ""ОЗОН Банк""
ИНН:9703077050","Р/С:47423810900001404001
БИК:044525068","Возврат оплаты за товары/услуги, купленные на Платформе Ozon, заказ № 0202027007-0031. В том числе НДС.",return,2352
1/9/2026,8124257057,,784,"ООО ""ОЗОН Банк""
ИНН:9703077050","Р/С:47423810900001404001
БИК:044525068","Возврат оплаты за товары/услуги, купленные на Платформе Ozon, заказ № 0202027007-0031. В том числе НДС.",return,784
1/9/2026,175,5000,,"ООО ""ПРО ЕДУ""
ИНН:2312314567","Р/С:40702810330000052799
БИК:040349602",Счет на оплату № М-60. В т.ч. НДС 10% - 454.55 руб,other payments,5000
1/11/2026,8153479102,3226,,"ООО ""ОЗОН Банк""
ИНН:9703077050","Р/С:30232810300000000026
БИК:044525068","Оплата по заказу № 0202027007-0042 от 11.01.2026 в том числе НДС. Получатель ООО ""ИНТЕРНЕТ РЕШЕНИЯ"", ИНН 7704217370.",ozon orders,3226
1/11/2026,9,,500000,"ООО ""БОБА БАБЛ""
ИНН:2315238804","Р/С:40702810130710000150
БИК:046015602",провод собственных средств. НДС не облагается,,
1/11/2026,176,500000,,"ООО ""БОБА БАБЛ""
ИНН:2315238804","Р/С:40702810500000670886
БИК:044525068",Пополнение накопительного счета №40702810500000670886. НДС не облагается,,
1/11/2026,177,,2000,"ООО ""БОБА БАБЛ""
ИНН:2315238804","Р/С:40702810500000670886
БИК:044525068",Перевод собственных средств с накопительного счета №40702810500000670886. НДС не облагается,,
1/11/2026,8165437493,777,,"ООО ""ОЗОН Банк""
ИНН:9703077050","Р/С:30232810100001430316
БИК:044525068","Оплата товаров и услуг (по бизнес карте 1905, сумма 777.00, MCC 5300, в устройстве 24644518, Moskva RU, 2026-01-11, 18:52:16, TBank-Avito)",purchase,777
1/11/2026,8165472920,777,,"ООО ""ОЗОН Банк""
ИНН:9703077050","Р/С:30232810100001430316
БИК:044525068","Оплата товаров и услуг (по бизнес карте 1905, сумма 777.00, MCC 5300, в устройстве 10001837, Gorod Moskva RU, 2026-01-11, 18:54:30, YM*avito)",purchase,777
1/11/2026,178,,200,"ООО ""БОБА БАБЛ""
ИНН:2315238804","Р/С:40702810500000670886
БИК:044525068",Перевод собственных средств с накопительного счета №40702810500000670886. НДС не облагается,,
1/11/2026,8165486458,777,,"ООО ""ОЗОН Банк""
ИНН:9703077050","Р/С:30232810100001430316
БИК:044525068","Оплата товаров и услуг (по бизнес карте 1905, сумма 777.00, MCC 5300, в устройстве 24644518, Moskva RU, 2026-01-11, 18:55:22, TBank-Avito)",purchase,777
1/11/2026,8168469335,,2352,"ООО ""ОЗОН Банк""
ИНН:9703077050","Р/С:47423810900001404001
БИК:044525068","Возврат оплаты за товары/услуги, купленные на Платформе Ozon, заказ № 0202027007-0031. В том числе НДС.",return,2352
1/12/2026,8168836056,,1568,"ООО ""ОЗОН Банк""
ИНН:9703077050","Р/С:47423810900001404001
БИК:044525068","Возврат оплаты за товары/услуги, купленные на Платформе Ozon, заказ № 0202027007-0031. В том числе НДС.",return,1568
1/12/2026,179,2916.6,,"АО ""ГАЛЕРЕЯ КРАСНОДАР""
ИНН:2308116900","Р/С:40702810838000162984
БИК:044525225",Доплата ндс за Январь 2026. НДС не облагается,other payments,2916.6
1/13/2026,180,,1000,"ООО ""БОБА БАБЛ""
ИНН:2315238804","Р/С:40702810500000670886
БИК:044525068",Перевод собственных средств с накопительного счета №40702810500000670886. НДС не облагается,,
1/13/2026,8185829522,1351,,"ООО ""ОЗОН Банк""
ИНН:9703077050","Р/С:30232810300000000026
БИК:044525068","Оплата по заказу № 0202027007-0043 от 13.01.2026 в том числе НДС. Получатель ООО ""ИНТЕРНЕТ РЕШЕНИЯ"", ИНН 7704217370.",ozon orders,1351
1/13/2026,181,,15000,"ООО ""БОБА БАБЛ""
ИНН:2315238804","Р/С:40702810500000670886
БИК:044525068",Перевод собственных средств с накопительного счета №40702810500000670886. НДС не облагается,,
1/13/2026,182,,5000,"ООО ""БОБА БАБЛ""
ИНН:2315238804","Р/С:40702810500000670886
БИК:044525068",Перевод собственных средств с накопительного счета №40702810500000670886. НДС не облагается,,
1/13/2026,8199271702,19048,,"ООО ""ОЗОН Банк""
ИНН:9703077050","Р/С:30232810300000000026
БИК:044525068","Оплата по заказу № 0202027007-0044 от 13.01.2026 в том числе НДС. Получатель ООО ""ИНТЕРНЕТ РЕШЕНИЯ"", ИНН 7704217370.",ozon orders,19048
1/14/2026,8201879278,,1800,"ООО ""ОЗОН Банк""
ИНН:9703077050","Р/С:47423810900001404001
БИК:044525068","Возврат оплаты за товары/услуги, купленные на Платформе Ozon, заказ № 0202027007-0044. В том числе НДС.",return,1800
1/14/2026,8210917636,,1800,"ООО ""ОЗОН Банк""
ИНН:9703077050","Р/С:47423810900001404001
БИК:044525068","Возврат оплаты за товары/услуги, купленные на Платформе Ozon, заказ № 0202027007-0044. В том числе НДС.",return,1800
1/14/2026,183,,10000,"ООО ""БОБА БАБЛ""
ИНН:2315238804","Р/С:40702810500000670886
БИК:044525068",Перевод собственных средств с накопительного счета №40702810500000670886. НДС не облагается,,
1/15/2026,184,412.35,,"ООО ""СОТП""
ИНН:2310098021","Р/С:40702810330000001436
БИК:040349602",Счет на оплату № 1016 от 31 декабря. НДС не облагается,other payments,412.35
1/15/2026,8230550084,11036.58,,"ООО ""ОЗОН Банк""
ИНН:9703077050","Р/С:30232810100001430316
БИК:044525068","Оплата товаров и услуг (по бизнес карте 1905, сумма 11036.58, MCC 4900, в устройстве 33615333, Krasnodar RU, 2026-01-15, 17:24:24, JUR_EE_SISNESK_1)",purchase,11036.58
1/15/2026,8231077449,3177,,"ООО ""ОЗОН Банк""
ИНН:9703077050","Р/С:30232810300000000026
БИК:044525068","Оплата по заказу № 0202027007-0045 от 15.01.2026 в том числе НДС. Получатель ООО ""ИНТЕРНЕТ РЕШЕНИЯ"", ИНН 7704217370.",ozon orders,3177
1/15/2026,186,,209000,"ООО ""БОБА БАБЛ""
ИНН:2315238804","Р/С:40702810500000670886
БИК:044525068",Перевод собственных средств с накопительного счета №40702810500000670886. НДС не облагается,,
1/15/2026,188,,175000,"ООО ""БОБА БАБЛ""
ИНН:2315238804","Р/С:40702810500000670886
БИК:044525068",Перевод собственных средств с накопительного счета №40702810500000670886. НДС не облагается,,
1/15/2026,187,137572,,"АО ""РАМО-М""
ИНН:7719113976","Р/С:40702810400020115653
БИК:044525225","Аренда + пожарные услуги. Основной договор аренды, №:А-(А18-1)-2025 от 21.04.2025 - A18-1-Boba Rabbit. В т.ч. НДС 22% - 24808.07 руб",rent,137572
1/15/2026,62586,49,,"ООО ""ОЗОН Банк""
ИНН:9703077050","Р/С:47423810400001884736
БИК:044525068","Комиссия за исполнение платежного документа №187 от 15.01.2026, в соответствии с тарифами Банка. НДС не облагается",bank fee,49
1/15/2026,185,208620,,"ООО ""ЛИДЕР""
ИНН:2309093131","Р/С:40702810830000035452
БИК:040349602",Постоянная арендная плата за февраль. Договор аренды #KRS KIOSK01/2025. В т.ч. НДС 22% - 37620 руб,rent,208620
1/15/2026,62574,49,,"ООО ""ОЗОН Банк""
ИНН:9703077050","Р/С:47423810400001884736
БИК:044525068","Комиссия за исполнение платежного документа №185 от 15.01.2026, в соответствии с тарифами Банка. НДС не облагается",bank fee,49
1/15/2026,189,8053.79,,"АО ""РАМО-М""
ИНН:7719113976","Р/С:40702810400020115653
БИК:044525225",". Коммунальные услуги за декабрь Основной договор аренды, №:А-(А18-1)-2025 от 21.04.2025 - A18-1-Boba Rabbit. В т.ч. НДС 20% - 1342.3 руб",rent,8053.79
1/15/2026,62592,49,,"ООО ""ОЗОН Банк""
ИНН:9703077050","Р/С:47423810400001884736
БИК:044525068","Комиссия за исполнение платежного документа №189 от 15.01.2026, в соответствии с тарифами Банка. НДС не облагается",bank fee,49
1/15/2026,8236191091,,693,"ООО ""ОЗОН Банк""
ИНН:9703077050","Р/С:47423810900001404001
БИК:044525068","Возврат оплаты за товары/услуги, купленные на Платформе Ozon, заказ № 0202027007-0044. В том числе НДС.",return,693
1/16/2026,8251916466,17565,,"ООО ""ОЗОН Банк""
ИНН:9703077050","Р/С:30232810300000000026
БИК:044525068","Оплата по заказу № 0202027007-0046 от 16.01.2026 в том числе НДС. Получатель ООО ""ИНТЕРНЕТ РЕШЕНИЯ"", ИНН 7704217370.",ozon orders,17565
1/18/2026,8271015066,,3716,"ООО ""ОЗОН Банк""
ИНН:9703077050","Р/С:47423810900001404001
БИК:044525068","Возврат оплаты за товары/услуги, купленные на Платформе Ozon, заказ № 0202027007-0027. В том числе НДС.",return,3716
1/18/2026,8286913617,10653,,"ООО ""ОЗОН Банк""
ИНН:9703077050","Р/С:30232810300000000026
БИК:044525068","Оплата по заказу № 0202027007-0047 от 18.01.2026 в том числе НДС. Получатель ООО ""ИНТЕРНЕТ РЕШЕНИЯ"", ИНН 7704217370.",ozon orders,10653
1/18/2026,8286918064,2896,,"ООО ""ОЗОН Банк""
ИНН:9703077050","Р/С:30232810300000000026
БИК:044525068","Оплата по заказу № 0202027007-0048 от 18.01.2026 в том числе НДС. Получатель ООО ""ИНТЕРНЕТ РЕШЕНИЯ"", ИНН 7704217370.",ozon orders,2896
1/18/2026,190,,17500,"ООО ""БОБА БАБЛ""
ИНН:2315238804","Р/С:40702810500000670886
БИК:044525068",Перевод собственных средств с накопительного счета №40702810500000670886. НДС не облагается,,
1/18/2026,8286926427,17508,,"ООО ""ОЗОН Банк""
ИНН:9703077050","Р/С:30232810300000000026
БИК:044525068","Оплата по заказу № 0202027007-0049 от 18.01.2026 в том числе НДС. Получатель ООО ""ИНТЕРНЕТ РЕШЕНИЯ"", ИНН 7704217370.",ozon orders,17508
1/19/2026,8287461459,,1171,"ООО ""ОЗОН Банк""
ИНН:9703077050","Р/С:47423810900001404001
БИК:044525068","Возврат оплаты за товары/услуги, купленные на Платформе Ozon, заказ № 0202027007-0046. В том числе НДС.",return,1171
1/19/2026,8297032366,777,,"ООО ""ОЗОН Банк""
ИНН:9703077050","Р/С:30232810100001430316
БИК:044525068","Оплата товаров и услуг (по бизнес карте 1905, сумма 777.00, MCC 5300, в устройстве 24644518, Moskva RU, 2026-01-19, 15:48:51, TBank-Avito)",purchase,777
1/19/2026,8297060775,777,,"ООО ""ОЗОН Банк""
ИНН:9703077050","Р/С:30232810100001430316
БИК:044525068","Оплата товаров и услуг (по бизнес карте 1905, сумма 777.00, MCC 5300, в устройстве 10001837, Gorod Moskva RU, 2026-01-19, 15:50:25, YM*avito)",purchase,777
1/19/2026,8302257692,,900,"ООО ""ОЗОН Банк""
ИНН:9703077050","Р/С:47423810900001404001
БИК:044525068","Возврат оплаты за товары/услуги, купленные на Платформе Ozon, заказ № 0202027007-0044. В том числе НДС.",return,900
1/20/2026,191,,15000,"ООО ""БОБА БАБЛ""
ИНН:2315238804","Р/С:40702810500000670886
БИК:044525068",Перевод собственных средств с накопительного счета №40702810500000670886. НДС не облагается,,
1/20/2026,8315769375,14699,,"ООО ""ОЗОН Банк""
ИНН:9703077050","Р/С:30232810300000000026
БИК:044525068","Оплата по заказу № 0202027007-0050 от 20.01.2026 в том числе НДС. Получатель ООО ""ИНТЕРНЕТ РЕШЕНИЯ"", ИНН 7704217370.",ozon orders,14699
1/20/2026,192,2060.52,,"АО ""РАМО-М""
ИНН:7719113976","Р/С:40702810400020115653
БИК:044525225","ДОПЛАТА ПОЖАРНЫЕ УСЛУГИ = 371,36 руб. АРЕНДА ДОПЛАТА = 1689,16 руб Основной договор аренды, №:А-(А18-1)-2025 от 21.04.2025 - A18-1-Boba Rabbit. НДС не облагается",rent,2060.52
1/20/2026,78570,49,,"ООО ""ОЗОН Банк""
ИНН:9703077050","Р/С:47423810400001884736
БИК:044525068","Комиссия за исполнение платежного документа №192 от 20.01.2026, в соответствии с тарифами Банка. НДС не облагается",bank fee,49
1/20/2026,193,,2000,"ООО ""БОБА БАБЛ""
ИНН:2315238804","Р/С:40702810500000670886
БИК:044525068",Перевод собственных средств с накопительного счета №40702810500000670886. НДС не облагается,,
1/20/2026,8320809900,2638,,"ООО ""ОЗОН Банк""
ИНН:9703077050","Р/С:30232810300000000026
БИК:044525068","Оплата по заказу № 0202027007-0051 от 20.01.2026 в том числе НДС. Получатель ООО ""ИНТЕРНЕТ РЕШЕНИЯ"", ИНН 7704217370.",ozon orders,2638
1/21/2026,194,,35000,"ООО ""БОБА БАБЛ""
ИНН:2315238804","Р/С:40702810500000670886
БИК:044525068",Перевод собственных средств с накопительного счета №40702810500000670886. НДС не облагается,,
1/21/2026,196,,8000,"ООО ""БОБА БАБЛ""
ИНН:2315238804","Р/С:40702810500000670886
БИК:044525068",Перевод собственных средств с накопительного счета №40702810500000670886. НДС не облагается,,
1/21/2026,8332872062,7224,,"ООО ""ОЗОН Банк""
ИНН:9703077050","Р/С:30232810300000000026
БИК:044525068","Оплата по заказу № 0202027007-0052 от 21.01.2026 в том числе НДС. Получатель ООО ""ИНТЕРНЕТ РЕШЕНИЯ"", ИНН 7704217370.",ozon orders,7224
1/21/2026,8332921306,5418,,"ООО ""ОЗОН Банк""
ИНН:9703077050","Р/С:30232810300000000026
БИК:044525068","Оплата по заказу № 0202027007-0053 от 21.01.2026 в том числе НДС. Получатель ООО ""ИНТЕРНЕТ РЕШЕНИЯ"", ИНН 7704217370.",ozon orders,5418
1/21/2026,195,31320,,"'ООО ""Компания ""Тензор""'
ИНН:7605016030","Р/С:40702810502910000075
БИК:044525593","за ОБЩЕСТВО С ОГРАНИЧЕННОЙ ОТВЕТСТВЕННОСТЬЮ ""БОБА БАБЛ"" (ИНН 2315238804) по счету 12601205277300225072485517 от 20.01.2026, без НДС",,
1/21/2026,84163,49,,"ООО ""ОЗОН Банк""
ИНН:9703077050","Р/С:47423810400001884736
БИК:044525068","Комиссия за исполнение платежного документа №195 от 21.01.2026, в соответствии с тарифами Банка. НДС не облагается",bank fee,49
1/24/2026,197,,300,"ООО ""БОБА БАБЛ""
ИНН:2315238804","Р/С:40702810500000670886
БИК:044525068",Перевод собственных средств с накопительного счета №40702810500000670886. НДС не облагается,,
1/24/2026,8388435120,777,,"ООО ""ОЗОН Банк""
ИНН:9703077050","Р/С:30232810100001430316
БИК:044525068","Оплата товаров и услуг (по бизнес карте 1905, сумма 777.00, MCC 5300, в устройстве 24644518, Moskva RU, 2026-01-24, 21:05:53, TBank-Avito)",purchase,777
1/26/2026,16,,350000,"ООО ""БОБА БАБЛ""
ИНН:2315238804","Р/С:40702810130710000150
БИК:046015602",НДС не облагается. Перемещение между счетами организации,,
1/26/2026,8418473292,8736,,"ООО ""ОЗОН Банк""
ИНН:9703077050","Р/С:30232810300000000026
БИК:044525068","Оплата по заказу № 0202027007-0054 от 26.01.2026 в том числе НДС. Получатель ООО ""ИНТЕРНЕТ РЕШЕНИЯ"", ИНН 7704217370.",ozon orders,8736
1/26/2026,8418506334,,141,"ООО ""ОЗОН Банк""
ИНН:9703077050","Р/С:47423810900001404001
БИК:044525068","Возврат оплаты за товары/услуги, купленные на Платформе Ozon, заказ № 0202027007-0036. В том числе НДС.",return,141
1/26/2026,8418523271,10857,,"ООО ""ОЗОН Банк""
ИНН:9703077050","Р/С:30232810300000000026
БИК:044525068","Оплата по заказу № 0202027007-0055 от 26.01.2026 в том числе НДС. Получатель ООО ""ИНТЕРНЕТ РЕШЕНИЯ"", ИНН 7704217370.",ozon orders,10857
1/26/2026,198,330709,,"ООО ""БОБА БАБЛ""
ИНН:2315238804","Р/С:40702810500000670886
БИК:044525068",Пополнение накопительного счета №40702810500000670886. НДС не облагается,,
1/26/2026,199,,2000,"ООО ""БОБА БАБЛ""
ИНН:2315238804","Р/С:40702810500000670886
БИК:044525068",Перевод собственных средств с накопительного счета №40702810500000670886. НДС не облагается,,
1/26/2026,200,,2000,"ООО ""БОБА БАБЛ""
ИНН:2315238804","Р/С:40702810500000670886
БИК:044525068",Перевод собственных средств с накопительного счета №40702810500000670886. НДС не облагается,,
1/26/2026,8422248568,3299,,"ООО ""ОЗОН Банк""
ИНН:9703077050","Р/С:30232810300000000026
БИК:044525068","Оплата по заказу № 0202027007-0056 от 26.01.2026 в том числе НДС. Получатель ООО ""ИНТЕРНЕТ РЕШЕНИЯ"", ИНН 7704217370.",ozon orders,3299
1/26/2026,201,,15600,"ООО ""БОБА БАБЛ""
ИНН:2315238804","Р/С:40702810500000670886
БИК:044525068",Перевод собственных средств с накопительного счета №40702810500000670886. НДС не облагается,,
1/26/2026,8423060798,13200,,"ООО ""ОЗОН Банк""
ИНН:9703077050","Р/С:30232810300000000026
БИК:044525068","Оплата по заказу № 0202027007-0057 от 26.01.2026 в том числе НДС. Получатель ООО ""ИНТЕРНЕТ РЕШЕНИЯ"", ИНН 7704217370.",ozon orders,13200
1/27/2026,8434407344,1026.69,,"ООО ""ОЗОН Банк""
ИНН:9703077050","Р/С:30232810100001430316
БИК:044525068","Оплата товаров и услуг (по бизнес карте 1905, сумма 1026.69, MCC 4816, в устройстве 62002735, ROSTOV-NA-DON RU, 2026-01-27, 17:10:58, https://www.kb161.ru/)",purchase,1026.69
1/27/2026,202,,7000,"ООО ""БОБА БАБЛ""
ИНН:2315238804","Р/С:40702810500000670886
БИК:044525068",Перевод собственных средств с накопительного счета №40702810500000670886. НДС не облагается,,
1/27/2026,8434453776,1026.69,,"ООО ""ОЗОН Банк""
ИНН:9703077050","Р/С:30232810100001430316
БИК:044525068","Оплата товаров и услуг (по бизнес карте 1905, сумма 1026.69, MCC 4816, в устройстве 62002735, ROSTOV-NA-DON RU, 2026-01-27, 17:13:16, https://www.kb161.ru/)",purchase,1026.69
1/27/2026,8434506864,1026.69,,"ООО ""ОЗОН Банк""
ИНН:9703077050","Р/С:30232810100001430316
БИК:044525068","Оплата товаров и услуг (по бизнес карте 1905, сумма 1026.69, MCC 4816, в устройстве 62002735, ROSTOV-NA-DON RU, 2026-01-27, 17:15:57, https://www.kb161.ru/)",purchase,1026.69
1/27/2026,8434529616,1026.69,,"ООО ""ОЗОН Банк""
ИНН:9703077050","Р/С:30232810100001430316
БИК:044525068","Оплата товаров и услуг (по бизнес карте 1905, сумма 1026.69, MCC 4816, в устройстве 62002735, ROSTOV-NA-DON RU, 2026-01-27, 17:17:07, https://www.kb161.ru/)",purchase,1026.69
1/27/2026,8434554600,718.69,,"ООО ""ОЗОН Банк""
ИНН:9703077050","Р/С:30232810100001430316
БИК:044525068","Оплата товаров и услуг (по бизнес карте 1905, сумма 718.69, MCC 4816, в устройстве 62002735, ROSTOV-NA-DON RU, 2026-01-27, 17:18:22, https://www.kb161.ru/)",purchase,718.69
1/27/2026,8434596117,1026.69,,"ООО ""ОЗОН Банк""
ИНН:9703077050","Р/С:30232810100001430316
БИК:044525068","Оплата товаров и услуг (по бизнес карте 1905, сумма 1026.69, MCC 4816, в устройстве 62002735, ROSTOV-NA-DON RU, 2026-01-27, 17:20:27, https://www.kb161.ru/)",purchase,1026.69
1/27/2026,8434617720,1026.69,,"ООО ""ОЗОН Банк""
ИНН:9703077050","Р/С:30232810100001430316
БИК:044525068","Оплата товаров и услуг (по бизнес карте 1905, сумма 1026.69, MCC 4816, в устройстве 62002735, ROSTOV-NA-DON RU, 2026-01-27, 17:21:31, https://www.kb161.ru/)",purchase,1026.69
1/27/2026,8434640991,1026.69,,"ООО ""ОЗОН Банк""
ИНН:9703077050","Р/С:30232810100001430316
БИК:044525068","Оплата товаров и услуг (по бизнес карте 1905, сумма 1026.69, MCC 4816, в устройстве 62002735, ROSTOV-NA-DON RU, 2026-01-27, 17:22:40, https://www.kb161.ru/)",purchase,1026.69
1/27/2026,8434665537,1026.69,,"ООО ""ОЗОН Банк""
ИНН:9703077050","Р/С:30232810100001430316
БИК:044525068","Оплата товаров и услуг (по бизнес карте 1905, сумма 1026.69, MCC 4816, в устройстве 62002735, ROSTOV-NA-DON RU, 2026-01-27, 17:23:55, https://www.kb161.ru/)",purchase,1026.69
1/28/2026,203,,17000,"ООО ""БОБА БАБЛ""
ИНН:2315238804","Р/С:40702810500000670886
БИК:044525068",Перевод собственных средств с накопительного счета №40702810500000670886. НДС не облагается,,
1/28/2026,204,17310,,"ООО ""НПК""
ИНН:7816706001","Р/С:40702810828660002600
БИК:044525411",Счет на оплату № 80 от 27 января 2026 г. В т.ч. НДС 10% - 1573.64 руб,other payments,17310
1/28/2026,115535,49,,"ООО ""ОЗОН Банк""
ИНН:9703077050","Р/С:47423810400001884736
БИК:044525068","Комиссия за исполнение платежного документа №204 от 28.01.2026, в соответствии с тарифами Банка. НДС не облагается",bank fee,49
1/28/2026,8442562974,,1800,"ООО ""ОЗОН Банк""
ИНН:9703077050","Р/С:47423810900001404001
БИК:044525068","Возврат оплаты за товары/услуги, купленные на Платформе Ozon, заказ № 0202027007-0044. В том числе НДС.",return,1800
1/28/2026,8453530033,,3040,"ООО ""ОЗОН Банк""
ИНН:9703077050","Р/С:47423810900001404001
БИК:044525068","Возврат оплаты за товары/услуги, купленные на Платформе Ozon, заказ № 0202027007-0049. В том числе НДС.",return,3040
1/28/2026,8453778282,3289,,"ООО ""ОЗОН Банк""
ИНН:9703077050","Р/С:30232810300000000026
БИК:044525068","Оплата по заказу № 0202027007-0058 от 28.01.2026 в том числе НДС. Получатель ООО ""ИНТЕРНЕТ РЕШЕНИЯ"", ИНН 7704217370.",ozon orders,3289
1/28/2026,205,,1200,"ООО ""БОБА БАБЛ""
ИНН:2315238804","Р/С:40702810500000670886
БИК:044525068",Перевод собственных средств с накопительного счета №40702810500000670886. НДС не облагается,,
1/28/2026,206,,1500,"ООО ""БОБА БАБЛ""
ИНН:2315238804","Р/С:40702810500000670886
БИК:044525068",Перевод собственных средств с накопительного счета №40702810500000670886. НДС не облагается,,
1/28/2026,8453814006,3660,,"ООО ""ОЗОН Банк""
ИНН:9703077050","Р/С:30232810300000000026
БИК:044525068","Оплата по заказу № 0202027007-0059 от 28.01.2026 в том числе НДС. Получатель ООО ""ИНТЕРНЕТ РЕШЕНИЯ"", ИНН 7704217370.",ozon orders,3660
1/29/2026,207,,9000,"ООО ""БОБА БАБЛ""
ИНН:2315238804","Р/С:40702810500000670886
БИК:044525068",Перевод собственных средств с накопительного счета №40702810500000670886. НДС не облагается,,
1/29/2026,8471501213,9508,,"ООО ""ОЗОН Банк""
ИНН:9703077050","Р/С:30232810300000000026
БИК:044525068","Оплата по заказу № 0202027007-0060 от 29.01.2026 в том числе НДС. Получатель ООО ""ИНТЕРНЕТ РЕШЕНИЯ"", ИНН 7704217370.",ozon orders,9508
1/30/2026,208,,6000,"ООО ""БОБА БАБЛ""
ИНН:2315238804","Р/С:40702810500000670886
БИК:044525068",Перевод собственных средств с накопительного счета №40702810500000670886. НДС не облагается,,
1/30/2026,8488844971,5599,,"ООО ""ОЗОН Банк""
ИНН:9703077050","Р/С:30232810100001430316
БИК:044525068","Оплата товаров и услуг (по бизнес карте 1905, сумма 5599.00, MCC 5722, в устройстве , MOSKVA RU, 2026-01-30, 21:39:57, CP* DNS)",purchase,5599
1/31/2026,209,,1200,"ООО ""БОБА БАБЛ""
ИНН:2315238804","Р/С:40702810500000670886
БИК:044525068",Перевод собственных средств с накопительного счета №40702810500000670886. НДС не облагается,,
1/31/2026,8501800757,2199,,"ООО ""ОЗОН Банк""
ИНН:9703077050","Р/С:30232810100001430316
БИК:044525068","Оплата товаров и услуг (по бизнес карте 1905, сумма 2199.00, MCC 5722, в устройстве 10156762, VLADIVOSTOK RU, 2026-01-31, 17:44:42, YM*dns-shop)",purchase,2199
2/1/2026,210,,130000,"ООО ""БОБА БАБЛ""
ИНН:2315238804","Р/С:40702810500000670886
БИК:044525068",Перевод собственных средств с накопительного счета №40702810500000670886. НДС не облагается,,
2/1/2026,5971291935,6500,,"Сидельников Владимир Александрович
ИНН:","Р/С:40817810530005566124
БИК:044525225",Прочая выплата A60322051328730C0000070011690101 через СБП. Счет на оплату №26031372. Без НДС.,other payments,6500
2/1/2026,8521566094,29.25,,"ООО ""ОЗОН Банк""
ИНН:9703077050","Р/С:70601810700002740203
БИК:044525068","Комиссия Банка по операции Прочая выплата A60322051328730C0000070011690101 через СБП, без НДС.",,
2/2/2026,212,29825.94,,"ООО ""БОБА БАБЛ""
ИНН:2315238804","Р/С:40702810500000670886
БИК:044525068",Пополнение накопительного счета №40702810500000670886. НДС не облагается,,
2/2/2026,211,93940,,"Общество с ограниченной ответственностью ""Новомол""
ИНН:7719582054","Р/С:40702810300020007780
БИК:044525225","Минимальная аренда за Январь 2026 с 01.01.26 по 31.01.26 основание: Основной договор аренды, №:А-(К-20)-2023 от 09.06.2023 - K-20 - Boba Rabbit, В т.ч. НДС 22% - 16940 руб",rent,93940
2/4/2026,213,,2,"ООО ""БОБА БАБЛ""
ИНН:2315238804","Р/С:40702810500000670886
БИК:044525068",Перевод собственных средств с накопительного счета №40702810500000670886. НДС не облагается,,
2/4/2026,214,1,,"ООО ""КЕХ еКоммерц""
ИНН:7710668349","Р/С:40702810038000083478
БИК:044525225","Внесение аванса в личный кабинет 429650470 по счёту № 02-2011639660 от 03.02.2026 в сумме 1,00 руб., в т. ч. НДС 0,18 руб.",,
2/5/2026,215,,5000,"ООО ""БОБА БАБЛ""
ИНН:2315238804","Р/С:40702810500000670886
БИК:044525068",Перевод собственных средств с накопительного счета №40702810500000670886. НДС не облагается,,
2/5/2026,216,,800,"ООО ""БОБА БАБЛ""
ИНН:2315238804","Р/С:40702810500000670886
БИК:044525068",Перевод собственных средств с накопительного счета №40702810500000670886. НДС не облагается,,
2/5/2026,8590854449,5752,,"ООО ""ОЗОН Банк""
ИНН:9703077050","Р/С:30232810300000000026
БИК:044525068","Оплата по заказу № 0202027007-0061 от 05.02.2026 в том числе НДС. Получатель ООО ""ИНТЕРНЕТ РЕШЕНИЯ"", ИНН 7704217370.",ozon orders,5752
2/8/2026,217,,800,"ООО ""БОБА БАБЛ""
ИНН:2315238804","Р/С:40702810500000670886
БИК:044525068",Перевод собственных средств с накопительного счета №40702810500000670886. НДС не облагается,,
2/8/2026,8627560311,777,,"ООО ""ОЗОН Банк""
ИНН:9703077050","Р/С:30232810100001430316
БИК:044525068","Оплата товаров и услуг (по бизнес карте 1905, сумма 777.00, MCC 5300, в устройстве 24644518, Moskva RU, 2026-02-08, 00:34:45, TBank-Avito)",purchase,777
2/9/2026,8645312978,,498,"ООО ""ОЗОН Банк""
ИНН:9703077050","Р/С:47423810900001404001
БИК:044525068","Возврат оплаты за товары/услуги, купленные на Платформе Ozon, заказ № 0202027007-0049. В том числе НДС.",return,498
2/10/2026,218,,25000,"ООО ""БОБА БАБЛ""
ИНН:2315238804","Р/С:40702810500000670886
БИК:044525068",Перевод собственных средств с накопительного счета №40702810500000670886. НДС не облагается,,
2/10/2026,219,,5000,"ООО ""БОБА БАБЛ""
ИНН:2315238804","Р/С:40702810500000670886
БИК:044525068",Перевод собственных средств с накопительного счета №40702810500000670886. НДС не облагается,,
2/10/2026,8661821295,28909,,"ООО ""ОЗОН Банк""
ИНН:9703077050","Р/С:30232810300000000026
БИК:044525068","Оплата по заказу № 0202027007-0062 от 10.02.2026 в том числе НДС. Получатель ООО ""ИНТЕРНЕТ РЕШЕНИЯ"", ИНН 7704217370.",ozon orders,28909
2/10/2026,220,,10000,"ООО ""БОБА БАБЛ""
ИНН:2315238804","Р/С:40702810500000670886
БИК:044525068",Перевод собственных средств с накопительного счета №40702810500000670886. НДС не облагается,,
2/10/2026,8679429282,8300,,"ООО ""ОЗОН Банк""
ИНН:9703077050","Р/С:30232810300000000026
БИК:044525068","Оплата по заказу № 0202027007-0063 от 10.02.2026 в том числе НДС. Получатель ООО ""ИНТЕРНЕТ РЕШЕНИЯ"", ИНН 7704217370.",ozon orders,8300
2/12/2026,8710859141,,3450,"ООО ""ОЗОН Банк""
ИНН:9703077050","Р/С:47423810900001404001
БИК:044525068","Возврат оплаты за товары/услуги, купленные на Платформе Ozon, заказ № 0202027007-0062. В том числе НДС.",return,3450
2/16/2026,221,,10000,"ООО ""БОБА БАБЛ""
ИНН:2315238804","Р/С:40702810500000670886
БИК:044525068",Перевод собственных средств с накопительного счета №40702810500000670886. НДС не облагается,,
2/16/2026,8773226576,6417,,"ООО ""ОЗОН Банк""
ИНН:9703077050","Р/С:30232810300000000026
БИК:044525068","Оплата по заказу № 0202027007-0064 от 16.02.2026 в том числе НДС. Получатель ООО ""ИНТЕРНЕТ РЕШЕНИЯ"", ИНН 7704217370.",ozon orders,6417
2/16/2026,223,,130000,"ООО ""БОБА БАБЛ""
ИНН:2315238804","Р/С:40702810500000670886
БИК:044525068",Перевод собственных средств с накопительного счета №40702810500000670886. НДС не облагается,,
2/16/2026,224,140000,,"ООО ""БОБА БАБЛ""
ИНН:2315238804","Р/С:40702810500000670886
БИК:044525068",Пополнение накопительного счета №40702810500000670886. НДС не облагается,,
2/18/2026,225,,150000,"ООО ""БОБА БАБЛ""
ИНН:2315238804","Р/С:40702810500000670886
БИК:044525068",Перевод собственных средств с накопительного счета №40702810500000670886. НДС не облагается,,
2/18/2026,226,137572,,"АО ""РАМО-М""
ИНН:7719113976","Р/С:40702810400020115653
БИК:044525225","Аренда + пожарные услуги. Основной договор аренды, №:А-(А18-1)-2025 от 21.04.2025 - A18-1-Boba Rabbit. В т.ч. НДС 22% - 24808.07 руб",rent,137572
2/18/2026,227,12822,,"ООО ""БОБА БАБЛ""
ИНН:2315238804","Р/С:40702810500000670886
БИК:044525068",Пополнение накопительного счета №40702810500000670886. НДС не облагается,,
2/18/2026,228,,10000,"ООО ""БОБА БАБЛ""
ИНН:2315238804","Р/С:40702810500000670886
БИК:044525068",Перевод собственных средств с накопительного счета №40702810500000670886. НДС не облагается,,
2/18/2026,8828596572,777,,"ООО ""ОЗОН Банк""
ИНН:9703077050","Р/С:30232810100001430316
БИК:044525068","Оплата товаров и услуг (по бизнес карте 1905, сумма 777.00, MCC 5300, в устройстве 24644518, Moskva RU, 2026-02-18, 21:37:09, TBank-Avito)",purchase,777
2/18/2026,8828605318,777,,"ООО ""ОЗОН Банк""
ИНН:9703077050","Р/С:30232810100001430316
БИК:044525068","Оплата товаров и услуг (по бизнес карте 1905, сумма 777.00, MCC 5300, в устройстве 10001837, Gorod Moskva RU, 2026-02-18, 21:37:58, YM*avito)",purchase,777
2/18/2026,8828612796,777,,"ООО ""ОЗОН Банк""
ИНН:9703077050","Р/С:30232810100001430316
БИК:044525068","Оплата товаров и услуг (по бизнес карте 1905, сумма 777.00, MCC 5300, в устройстве 24644518, Moskva RU, 2026-02-18, 21:38:38, TBank-Avito)",purchase,777
2/18/2026,8828802713,777,,"ООО ""ОЗОН Банк""
ИНН:9703077050","Р/С:30232810100001430316
БИК:044525068","Оплата товаров и услуг (по бизнес карте 1905, сумма 777.00, MCC 5300, в устройстве 24644518, Moskva RU, 2026-02-18, 21:56:30, TBank-Avito)",purchase,777
2/19/2026,39,,180000,"ООО ""БОБА БАБЛ""
ИНН:2315238804","Р/С:40702810130710000150
БИК:046015602",НДС не облагается. Перемещение между счетами организации,,
2/19/2026,229,186892,,"ООО ""БОБА БАБЛ""
ИНН:2315238804","Р/С:40702810500000670886
БИК:044525068",Пополнение накопительного счета №40702810500000670886. НДС не облагается,,
2/24/2026,230,,3000,"ООО ""БОБА БАБЛ""
ИНН:2315238804","Р/С:40702810500000670886
БИК:044525068",Перевод собственных средств с накопительного счета №40702810500000670886. НДС не облагается,,
2/24/2026,8936408960,2908,,"ООО ""ОЗОН Банк""
ИНН:9703077050","Р/С:30232810300000000026
БИК:044525068","Оплата по заказу № 0202027007-0065 от 24.02.2026 в том числе НДС. Получатель ООО ""ИНТЕРНЕТ РЕШЕНИЯ"", ИНН 7704217370.",ozon orders,2908
2/24/2026,231,,20000,"ООО ""БОБА БАБЛ""
ИНН:2315238804","Р/С:40702810500000670886
БИК:044525068",Перевод собственных средств с накопительного счета №40702810500000670886. НДС не облагается,,
2/24/2026,8936778099,16041,,"ООО ""ОЗОН Банк""
ИНН:9703077050","Р/С:30232810300000000026
БИК:044525068","Оплата по заказу № 0202027007-0066 от 24.02.2026 в том числе НДС. Получатель ООО ""ИНТЕРНЕТ РЕШЕНИЯ"", ИНН 7704217370.",ozon orders,16041
2/27/2026,232,,10000,"ООО ""БОБА БАБЛ""
ИНН:2315238804","Р/С:40702810500000670886
БИК:044525068",Перевод собственных средств с накопительного счета №40702810500000670886. НДС не облагается,,
2/27/2026,8997062447,1026.69,,"ООО ""ОЗОН Банк""
ИНН:9703077050","Р/С:30232810100001430316
БИК:044525068","Оплата товаров и услуг (по бизнес карте 1905, сумма 1026.69, MCC 4816, в устройстве 62002735, ROSTOV-NA-DON RU, 2026-02-27, 23:13:34, https://www.kb161.ru/)",purchase,1026.69
2/27/2026,8997067534,1026.69,,"ООО ""ОЗОН Банк""
ИНН:9703077050","Р/С:30232810100001430316
БИК:044525068","Оплата товаров и услуг (по бизнес карте 1905, сумма 1026.69, MCC 4816, в устройстве 62002735, ROSTOV-NA-DON RU, 2026-02-27, 23:14:24, https://www.kb161.ru/)",purchase,1026.69
2/27/2026,8997072700,1026.69,,"ООО ""ОЗОН Банк""
ИНН:9703077050","Р/С:30232810100001430316
БИК:044525068","Оплата товаров и услуг (по бизнес карте 1905, сумма 1026.69, MCC 4816, в устройстве 62002735, ROSTOV-NA-DON RU, 2026-02-27, 23:15:14, https://www.kb161.ru/)",purchase,1026.69
2/27/2026,8997080520,1026.69,,"ООО ""ОЗОН Банк""
ИНН:9703077050","Р/С:30232810100001430316
БИК:044525068","Оплата товаров и услуг (по бизнес карте 1905, сумма 1026.69, MCC 4816, в устройстве 62002735, ROSTOV-NA-DON RU, 2026-02-27, 23:16:31, https://www.kb161.ru/)",purchase,1026.69
2/27/2026,8997095043,1026.69,,"ООО ""ОЗОН Банк""
ИНН:9703077050","Р/С:30232810100001430316
БИК:044525068","Оплата товаров и услуг (по бизнес карте 1905, сумма 1026.69, MCC 4816, в устройстве 62002735, ROSTOV-NA-DON RU, 2026-02-27, 23:18:55, https://www.kb161.ru/)",purchase,1026.69
2/27/2026,8997098915,1026.69,,"ООО ""ОЗОН Банк""
ИНН:9703077050","Р/С:30232810100001430316
БИК:044525068","Оплата товаров и услуг (по бизнес карте 1905, сумма 1026.69, MCC 4816, в устройстве 62002735, ROSTOV-NA-DON RU, 2026-02-27, 23:19:35, https://www.kb161.ru/)",purchase,1026.69
2/27/2026,8997102829,1026.69,,"ООО ""ОЗОН Банк""
ИНН:9703077050","Р/С:30232810100001430316
БИК:044525068","Оплата товаров и услуг (по бизнес карте 1905, сумма 1026.69, MCC 4816, в устройстве 62002735, ROSTOV-NA-DON RU, 2026-02-27, 23:20:13, https://www.kb161.ru/)",purchase,1026.69
2/27/2026,8997113272,1026.69,,"ООО ""ОЗОН Банк""
ИНН:9703077050","Р/С:30232810100001430316
БИК:044525068","Оплата товаров и услуг (по бизнес карте 1905, сумма 1026.69, MCC 4816, в устройстве 62002735, ROSTOV-NA-DON RU, 2026-02-27, 23:21:58, https://www.kb161.ru/)",purchase,1026.69
2/27/2026,8997119189,1026.69,,"ООО ""ОЗОН Банк""
ИНН:9703077050","Р/С:30232810100001430316
БИК:044525068","Оплата товаров и услуг (по бизнес карте 1905, сумма 1026.69, MCC 4816, в устройстве 62002735, ROSTOV-NA-DON RU, 2026-02-27, 23:22:56, https://www.kb161.ru/)",purchase,1026.69
2/28/2026,8997906639,777,,"ООО ""ОЗОН Банк""
ИНН:9703077050","Р/С:30232810100001430316
БИК:044525068","Оплата товаров и услуг (по бизнес карте 1905, сумма 777.00, MCC 5300, в устройстве 10001837, Gorod Moskva RU, 2026-02-28, 02:45:53, YM*avito)",purchase,777
3/1/2026,9018472057,,830,"ООО ""ОЗОН Банк""
ИНН:9703077050","Р/С:47423810900001404001
БИК:044525068","Возврат оплаты за товары/услуги, купленные на Платформе Ozon, заказ № 0202027007-0063. В том числе НДС.",return,830
3/2/2026,233,,6000,"ООО ""БОБА БАБЛ""
ИНН:2315238804","Р/С:40702810500000670886
БИК:044525068",Перевод собственных средств с накопительного счета №40702810500000670886. НДС не облагается,,
3/2/2026,235,,130000,"ООО ""БОБА БАБЛ""
ИНН:2315238804","Р/С:40702810500000670886
БИК:044525068",Перевод собственных средств с накопительного счета №40702810500000670886. НДС не облагается,,
3/2/2026,234,6700,,"Казначейство России (ФНС России)
ИНН:7727406020","Р/С:03100643000000018500
БИК:017003983","Пополнение единого налогового счета, без НДС",,
3/2/2026,236,93940,,"Общество с ограниченной ответственностью ""Новомол""
ИНН:7719582054","Р/С:40702810300020007780
БИК:044525225","Минимальная аренда за март 2026 с 01.01.26 по 31.01.26 основание: Основной договор аренды, №:А-(К-20)-2023 от 09.06.2023 - K-20 - Boba Rabbit, В т.ч. НДС 22% - 16940 руб",rent,93940
3/3/2026,239,,2276,"ООО ""БОБА БАБЛ""
ИНН:2315238804","Р/С:40702810500000670886
БИК:044525068",Перевод собственных средств с накопительного счета №40702810500000670886. НДС не облагается,,
3/3/2026,69,,70000,"Михайлова Стефания Руслановна
ИНН:231525354006","Р/С:40817810100001397864
БИК:044525068",Беспроцентный займ от учредителя НДС не облагается,,
3/3/2026,237,15317.4,,"ИП Егиян Мэри Мкртычевна
ИНН:230400307545","Р/С:40802810205830000519
БИК:043510123",переменная Арендная Плата договору 001/01/2026 от 01.01.2026 за февраль 2026 г. В т.ч. НДС 5% - 729.4 руб,rent,15317.4
3/3/2026,242,4000,,"ИП Крючков Виктор Геннадьевич
ИНН:231518926005","Р/С:40802810800001256713
БИК:044525974",НДС не облагается. Счет на оплату 55 от 02 марта 2026 аренда рекламного щита,rent,4000
3/3/2026,241,52500,,"ИП Атальянц Ашот Альбертович
ИНН:231520862334","Р/С:40802810009710000758
БИК:046015327",В т.ч. НДС 5% - 2500 руб. Аренда март,rent,52500
3/3/2026,353091,49,,"ООО ""ОЗОН Банк""
ИНН:9703077050","Р/С:47423810400001884736
БИК:044525068","Комиссия за исполнение платежного документа №241 от 03.03.2026, в соответствии с тарифами Банка. НДС не облагается",bank fee,49
3/3/2026,240,14963,,"ООО УК ТЦ ""ЧЕРНОМОРСКИЙ""
ИНН:1412001534","Р/С:40702810447900000021
БИК:040349700",Аренда боба рэббит. В т.ч. НДС 5% - 712.52 руб,rent,14963
3/3/2026,353184,49,,"ООО ""ОЗОН Банк""
ИНН:9703077050","Р/С:47423810400001884736
БИК:044525068","Комиссия за исполнение платежного документа №240 от 03.03.2026, в соответствии с тарифами Банка. НДС не облагается",bank fee,49
3/3/2026,238,14963,,"ИП Солахов Пантелей Афлатонович
ИНН:230406669809","Р/С:40802810803540000245
БИК:040349536",Боба рэббит аренда. В т.ч. НДС 5% - 712.52 руб,rent,14963
3/3/2026,353379,49,,"ООО ""ОЗОН Банк""
ИНН:9703077050","Р/С:47423810400001884736
БИК:044525068","Комиссия за исполнение платежного документа №238 от 03.03.2026, в соответствии с тарифами Банка. НДС не облагается",bank fee,49
3/6/2026,9131836967,777,,"ООО ""ОЗОН Банк""
ИНН:9703077050","Р/С:30232810100001430316
БИК:044525068","Оплата товаров и услуг (по бизнес карте 1905, сумма 777.00, MCC 5300, в устройстве 24644518, Moskva RU, 2026-03-06, 18:26:16, TBank-Avito)",purchase,777
3/9/2026,9190362574,5188,,"ООО ""ОЗОН Банк""
ИНН:9703077050","Р/С:30232810300000000026
БИК:044525068","Оплата по заказу № 0202027007-0067 от 09.03.2026 в том числе НДС. Получатель ООО ""ИНТЕРНЕТ РЕШЕНИЯ"", ИНН 7704217370.",ozon orders,5188
3/10/2026,61,,100000,"ООО ""БОБА БАБЛ""
ИНН:2315238804","Р/С:40702810130710000150
БИК:046015602",Перемещение между счетами организации. НДС не облагается,,
3/11/2026,243,1124.36,,"ООО ""ТЦ ""ЮЖНЫЙ""
ИНН:2315071270","Р/С:40702810800000160801
БИК:046015327",Счет на оплату № 370 от 27 февраля 2026 г. В т.ч. НДС - 174.68,other payments,1124.36
3/11/2026,396942,49,,"ООО ""ОЗОН Банк""
ИНН:9703077050","Р/С:47423810400001884736
БИК:044525068","Комиссия за исполнение платежного документа №243 от 10.03.2026, в соответствии с тарифами Банка. НДС не облагается",bank fee,49
3/12/2026,244,100000,,"ООО ""БОБА БАБЛ""
ИНН:2315238804","Р/С:40702810500000670886
БИК:044525068",Пополнение накопительного счета №40702810500000670886. НДС не облагается,,
3/12/2026,245,,1500,"ООО ""БОБА БАБЛ""
ИНН:2315238804","Р/С:40702810500000670886
БИК:044525068",Перевод собственных средств с накопительного счета №40702810500000670886. НДС не облагается,,
3/12/2026,9243569997,777,,"ООО ""ОЗОН Банк""
ИНН:9703077050","Р/С:30232810100001430316
БИК:044525068","Оплата товаров и услуг (по бизнес карте 1905, сумма 777.00, MCC 5300, в устройстве 10001837, Gorod Moskva RU, 2026-03-12, 17:20:39, YM*avito)",purchase,777
3/12/2026,247,,16000,"ООО ""БОБА БАБЛ""
ИНН:2315238804","Р/С:40702810500000670886
БИК:044525068",Перевод собственных средств с накопительного счета №40702810500000670886. НДС не облагается,,
3/12/2026,251,,900,"ООО ""БОБА БАБЛ""
ИНН:2315238804","Р/С:40702810500000670886
БИК:044525068",Перевод собственных средств с накопительного счета №40702810500000670886. НДС не облагается,,
3/12/2026,252,,6000,"ООО ""БОБА БАБЛ""
ИНН:2315238804","Р/С:40702810500000670886
БИК:044525068",Перевод собственных средств с накопительного счета №40702810500000670886. НДС не облагается,,
3/12/2026,250,15602.88,,"АО ""ГАЛЕРЕЯ КРАСНОДАР""
ИНН:2308116900","Р/С:40702810838000162984
БИК:044525225","Долг по договору аренды #1249КДА/К1 от 20.05.2025г. # помещения -1,017.0.4.01. В т.ч. НДС 22% - 2813.63 руб",rent,15602.88
3/12/2026,246,4800,,"ИП Сафарянц Эдуард Геннадьевич
ИНН:231295969669","Р/С:40802810930000079807
БИК:040349602",АКТ СВЕРКИ ВЗАИМНЫХ РАСЧЕТОВ №737. В т.ч. НДС 5% - 228.57 руб,,
3/12/2026,409376,49,,"ООО ""ОЗОН Банк""
ИНН:9703077050","Р/С:47423810400001884736
БИК:044525068","Комиссия за исполнение платежного документа №250 от 12.03.2026, в соответствии с тарифами Банка. НДС не облагается",bank fee,49
3/12/2026,408845,49,,"ООО ""ОЗОН Банк""
ИНН:9703077050","Р/С:47423810400001884736
БИК:044525068","Комиссия за исполнение платежного документа №246 от 12.03.2026, в соответствии с тарифами Банка. НДС не облагается",bank fee,49
3/15/2026,9301418156,777,,"ООО ""ОЗОН Банк""
ИНН:9703077050","Р/С:30232810100001430316
БИК:044525068","Оплата товаров и услуг (по бизнес карте 1905, сумма 777.00, MCC 5300, в устройстве 24644518, Moskva RU, 2026-03-15, 16:28:30, TBank-Avito)",purchase,777
3/15/2026,9301442032,777,,"ООО ""ОЗОН Банк""
ИНН:9703077050","Р/С:30232810100001430316
БИК:044525068","Оплата товаров и услуг (по бизнес карте 1905, сумма 777.00, MCC 5300, в устройстве 10001837, Gorod Moskva RU, 2026-03-15, 16:29:37, YM*avito)",purchase,777
3/16/2026,62,,350000,"ООО ""БОБА БАБЛ""
ИНН:2315238804","Р/С:40702810130710000150
БИК:046015602",Перемещение между счетами организации. НДС не облагается,,
3/16/2026,253,355000,,"ООО ""БОБА БАБЛ""
ИНН:2315238804","Р/С:40702810500000670886
БИК:044525068",Пополнение накопительного счета №40702810500000670886. НДС не облагается,,
3/17/2026,254,,7300,"ООО ""БОБА БАБЛ""
ИНН:2315238804","Р/С:40702810500000670886
БИК:044525068",Перевод собственных средств с накопительного счета №40702810500000670886. НДС не облагается,,
3/17/2026,256,,7916.73,"ООО ""БОБА БАБЛ""
ИНН:2315238804","Р/С:40702810500000670886
БИК:044525068",Перевод собственных средств с накопительного счета №40702810500000670886. НДС не облагается,,
3/17/2026,259,,178000,"ООО ""БОБА БАБЛ""
ИНН:2315238804","Р/С:40702810500000670886
БИК:044525068",Перевод собственных средств с накопительного счета №40702810500000670886. НДС не облагается,,
3/17/2026,255,7300,,"ООО ""НАДА-ДЕЗ""
ИНН:5907023048","Р/С:40702810010000234642
БИК:044525974",Аат сверки #252 за услуги дератизации. В т.ч. НДС 22% - 1316.39 руб,,
3/17/2026,427369,49,,"ООО ""ОЗОН Банк""
ИНН:9703077050","Р/С:47423810400001884736
БИК:044525068","Комиссия за исполнение платежного документа №255 от 17.03.2026, в соответствии с тарифами Банка. НДС не облагается",bank fee,49
3/17/2026,258,177812.71,,"АО ""ГАЛЕРЕЯ КРАСНОДАР""
ИНН:2308116900","Р/С:40702810838000162984
БИК:044525225","Оплата аренды по договору аренды 249КДА/К1 от 20.05.2025. ФАП 155641.5, ЭП 12932, МП 2226.5, ОБСЛУЖИВАНИЕ ККС 1012.71 и аванс за коммунальные за февраль В том числе НДС 22%-32064.59 рублей",rent,177812.71
3/17/2026,427375,49,,"ООО ""ОЗОН Банк""
ИНН:9703077050","Р/С:47423810400001884736
БИК:044525068","Комиссия за исполнение платежного документа №258 от 17.03.2026, в соответствии с тарифами Банка. НДС не облагается",bank fee,49
3/17/2026,257,7916.73,,"АО ""РАМО-М""
ИНН:7719113976","Р/С:40702810400020115653
БИК:044525225",". Коммунальные услуги. Счет: 000374707. Основной договор аренды, №:А-(А18-1)-2025 от 21.04.2025 - A18-1-Boba Rabbit. В т.ч. НДС 22% - 1427.61 руб",rent,7916.73
3/17/2026,427371,49,,"ООО ""ОЗОН Банк""
ИНН:9703077050","Р/С:47423810400001884736
БИК:044525068","Комиссия за исполнение платежного документа №257 от 17.03.2026, в соответствии с тарифами Банка. НДС не облагается",bank fee,49
3/17/2026,260,,3000,"ООО ""БОБА БАБЛ""
ИНН:2315238804","Р/С:40702810500000670886
БИК:044525068",Перевод собственных средств с накопительного счета №40702810500000670886. НДС не облагается,,
3/17/2026,9339745873,2499,,"ООО ""ОЗОН Банк""
ИНН:9703077050","Р/С:30232810100001430316
БИК:044525068","Оплата товаров и услуг (по бизнес карте 1905, сумма 2499.00, MCC 5722, в устройстве , MOSKVA RU, 2026-03-17, 16:21:32, CP* DNS)",purchase,2499
3/17/2026,261,,1500,"ООО ""БОБА БАБЛ""
ИНН:2315238804","Р/С:40702810500000670886
БИК:044525068",Перевод собственных средств с накопительного счета №40702810500000670886. НДС не облагается,,
3/17/2026,262,,2000,"ООО ""БОБА БАБЛ""
ИНН:2315238804","Р/С:40702810500000670886
БИК:044525068",Перевод собственных средств с накопительного счета №40702810500000670886. НДС не облагается,,
3/17/2026,263,,10000,"ООО ""БОБА БАБЛ""
ИНН:2315238804","Р/С:40702810500000670886
БИК:044525068",Перевод собственных средств с накопительного счета №40702810500000670886. НДС не облагается,,
3/17/2026,9341307152,12239,,"ООО ""ОЗОН Банк""
ИНН:9703077050","Р/С:30232810300000000026
БИК:044525068","Оплата по заказу № 0202027007-0069 от 17.03.2026 в том числе НДС. Получатель ООО ""ИНТЕРНЕТ РЕШЕНИЯ"", ИНН 7704217370.",ozon orders,12239
3/17/2026,265,,200,"ООО ""БОБА БАБЛ""
ИНН:2315238804","Р/С:40702810500000670886
БИК:044525068",Перевод собственных средств с накопительного счета №40702810500000670886. НДС не облагается,,
3/17/2026,266,,1000,"ООО ""БОБА БАБЛ""
ИНН:2315238804","Р/С:40702810500000670886
БИК:044525068",Перевод собственных средств с накопительного счета №40702810500000670886. НДС не облагается,,
3/18/2026,264,2100,,"ИП Ладунко Анна Юрьевна
ИНН:231222420122","Р/С:40802810647420000298
БИК:040349700",Счёт на оплату #57 за услуги дезинсекции. В т.ч. НДС 5% - 100 руб,other payments,2100
3/18/2026,433894,49,,"ООО ""ОЗОН Банк""
ИНН:9703077050","Р/С:47423810400001884736
БИК:044525068","Комиссия за исполнение платежного документа №264 от 17.03.2026, в соответствии с тарифами Банка. НДС не облагается",bank fee,49
3/18/2026,267,,1500,"ООО ""БОБА БАБЛ""
ИНН:2315238804","Р/С:40702810500000670886
БИК:044525068",Перевод собственных средств с накопительного счета №40702810500000670886. НДС не облагается,,
3/19/2026,268,,3000,"ООО ""БОБА БАБЛ""
ИНН:2315238804","Р/С:40702810500000670886
БИК:044525068",Перевод собственных средств с накопительного счета №40702810500000670886. НДС не облагается,,
3/19/2026,270,,10000,"ООО ""БОБА БАБЛ""
ИНН:2315238804","Р/С:40702810500000670886
БИК:044525068",Перевод собственных средств с накопительного счета №40702810500000670886. НДС не облагается,,
3/19/2026,271,,10000,"ООО ""БОБА БАБЛ""
ИНН:2315238804","Р/С:40702810500000670886
БИК:044525068",Перевод собственных средств с накопительного счета №40702810500000670886. НДС не облагается,,
3/19/2026,157,4405.58,,"ООО ""ЛИДЕР""
ИНН:2309093131","Р/С:40702810830000035452
БИК:040349602",Счёт на оплату #10953 . Переменная часть оплаты. Договор KIOSK01/2025. В т.ч. НДС 22% - 794.45 руб,other payments,4405.58
3/19/2026,269,5509,,"ООО ""БИЗНЕС ЭНЕРГО""
ИНН:2315214923","Р/С:40702810730000047634
БИК:040349602","Электроэнергия, договор #231206/231206 от 15.01. В т.ч. НДС 22% - 993.43 руб",,
3/19/2026,442712,49,,"ООО ""ОЗОН Банк""
ИНН:9703077050","Р/С:47423810400001884736
БИК:044525068","Комиссия за исполнение платежного документа №269 от 19.03.2026, в соответствии с тарифами Банка. НДС не облагается",bank fee,49
3/19/2026,442713,49,,"ООО ""ОЗОН Банк""
ИНН:9703077050","Р/С:47423810400001884736
БИК:044525068","Комиссия за исполнение платежного документа №157 от 19.03.2026, в соответствии с тарифами Банка. НДС не облагается",bank fee,49
3/19/2026,272,2283.16,,"ООО ""ТД ""АСА""
ИНН:2315218149","Р/С:40702810030000046720
БИК:040349602",Счет на оплату № 940         от 9 марта 2026 г. В т.ч. НДС 22% - 411.72 руб,other payments,2283.16
3/19/2026,442719,49,,"ООО ""ОЗОН Банк""
ИНН:9703077050","Р/С:47423810400001884736
БИК:044525068","Комиссия за исполнение платежного документа №272 от 19.03.2026, в соответствии с тарифами Банка. НДС не облагается",bank fee,49
3/19/2026,273,,30000,"ООО ""БОБА БАБЛ""
ИНН:2315238804","Р/С:40702810500000670886
БИК:044525068",Перевод собственных средств с накопительного счета №40702810500000670886. НДС не облагается,,
3/19/2026,274,22292,,"Общество с ограниченной ответственностью ""КИТ: Транспортная компания""
ИНН:6679113421","Р/С:40702810416540041178
БИК:046577674",ОПЛАТА ПО СЧЕТУ №0122048966 ОТ 19.03.2026 . В том числе НДС 3974.78,other payments,22292
3/19/2026,448557,49,,"ООО ""ОЗОН Банк""
ИНН:9703077050","Р/С:47423810400001884736
БИК:044525068","Комиссия за исполнение платежного документа №274 от 19.03.2026, в соответствии с тарифами Банка. НДС не облагается",bank fee,49
3/21/2026,9418451972,3516,,"ООО ""ОЗОН Банк""
ИНН:9703077050","Р/С:30232810300000000026
БИК:044525068","Оплата по заказу № 0202027007-0070 от 21.03.2026 в том числе НДС. Получатель ООО ""ИНТЕРНЕТ РЕШЕНИЯ"", ИНН 7704217370.",ozon orders,3516
3/22/2026,9438689774,855,,"ООО ""ОЗОН Банк""
ИНН:9703077050","Р/С:30232810100001430316
БИК:044525068","Оплата товаров и услуг (по бизнес карте 1905, сумма 855.00, MCC 5300, в устройстве 24644518, Moskva RU, 2026-03-22, 17:49:15, TBank-Avito)",purchase,855
3/22/2026,9438705373,855,,"ООО ""ОЗОН Банк""
ИНН:9703077050","Р/С:30232810100001430316
БИК:044525068","Оплата товаров и услуг (по бизнес карте 1905, сумма 855.00, MCC 5300, в устройстве 10001837, Gorod Moskva RU, 2026-03-22, 17:50:01, YM*avito)",purchase,855
3/23/2026,275,,130000,"ООО ""БОБА БАБЛ""
ИНН:2315238804","Р/С:40702810500000670886
БИК:044525068",Перевод собственных средств с накопительного счета №40702810500000670886. НДС не облагается,,
3/23/2026,278,,30000,"ООО ""БОБА БАБЛ""
ИНН:2315238804","Р/С:40702810500000670886
БИК:044525068",Перевод собственных средств с накопительного счета №40702810500000670886. НДС не облагается,,
3/23/2026,280,,5700,"ООО ""БОБА БАБЛ""
ИНН:2315238804","Р/С:40702810500000670886
БИК:044525068",Перевод собственных средств с накопительного счета №40702810500000670886. НДС не облагается,,
3/23/2026,63,,335000,"ООО ""БОБА БАБЛ""
ИНН:2315238804","Р/С:40702810130710000150
БИК:046015602",Перемещение между счетами организации. НДС не облагается,,
3/23/2026,276,130540,,"ООО ""ЛИДЕР""
ИНН:2309093131","Р/С:40702810830000035452
БИК:040349602","Счет на оплату #11201 от 20 марта № KRS KIOSK 01/2025 от""12"" мая 2025 г. В т.ч. НДС 22% - 30580 руб",other payments,130540
3/23/2026,279,17617.95,,"ООО УК ТЦ ""ЧЕРНОМОРСКИЙ""
ИНН:1412001534","Р/С:40702810447900000021
БИК:040349700",Переменная оплата аренды за февраль и январь боба рэббит. НДС не облагается,rent,17617.95
3/23/2026,462651,49,,"ООО ""ОЗОН Банк""
ИНН:9703077050","Р/С:47423810400001884736
БИК:044525068","Комиссия за исполнение платежного документа №276 от 23.03.2026, в соответствии с тарифами Банка. НДС не облагается",bank fee,49
3/23/2026,462658,49,,"ООО ""ОЗОН Банк""
ИНН:9703077050","Р/С:47423810400001884736
БИК:044525068","Комиссия за исполнение платежного документа №279 от 23.03.2026, в соответствии с тарифами Банка. НДС не облагается",bank fee,49
3/23/2026,277,9962.28,,"АО ""РАМО-М""
ИНН:7719113976","Р/С:40702810400020115653
БИК:044525225",". Пожарное обслуживание + коммунальныеза январь. Основной договор аренды, №:А-(А18-1)-2025 от 21.04.2025 - A18-1-Boba Rabbit. В т.ч. НДС 22% - 1796.48 руб",rent,9962.28
3/23/2026,462653,49,,"ООО ""ОЗОН Банк""
ИНН:9703077050","Р/С:47423810400001884736
БИК:044525068","Комиссия за исполнение платежного документа №277 от 23.03.2026, в соответствии с тарифами Банка. НДС не облагается",bank fee,49
3/23/2026,281,8374.7,,"ООО ""ТД ""АСА""
ИНН:2315218149","Р/С:40702810030000046720
БИК:040349602",Счет на оплату № 1057     от 16 марта 2026 г. В т.ч. НДС 22% - 1510.19 руб,other payments,8374.7
3/23/2026,462661,49,,"ООО ""ОЗОН Банк""
ИНН:9703077050","Р/С:47423810400001884736
БИК:044525068","Комиссия за исполнение платежного документа №281 от 23.03.2026, в соответствии с тарифами Банка. НДС не облагается",bank fee,49
3/23/2026,282,7200,,"ИП Арутюнянц Кира Владимировна
ИНН:230215228560","Р/С:40802810030000139650
БИК:040349602",Услуги по доставке воды по договору. НДС не облагается,other payments,7200
3/23/2026,462663,49,,"ООО ""ОЗОН Банк""
ИНН:9703077050","Р/С:47423810400001884736
БИК:044525068","Комиссия за исполнение платежного документа №282 от 23.03.2026, в соответствии с тарифами Банка. НДС не облагается",bank fee,49
3/23/2026,283,342000,,"ООО ""БОБА БАБЛ""
ИНН:2315238804","Р/С:40702810500000670886
БИК:044525068",Пополнение накопительного счета №40702810500000670886. НДС не облагается,,
3/23/2026,9462354705,,4996,"ООО ""ОЗОН Банк""
ИНН:9703077050","Р/С:47423810900001404001
БИК:044525068","Возврат оплаты за товары/услуги, купленные на Платформе Ozon, заказ № 0202027007-0069. В том числе НДС.",return,4996
3/24/2026,284,,15000,"ООО ""БОБА БАБЛ""
ИНН:2315238804","Р/С:40702810500000670886
БИК:044525068",Перевод собственных средств с накопительного счета №40702810500000670886. НДС не облагается,,
3/24/2026,287,,1000,"ООО ""БОБА БАБЛ""
ИНН:2315238804","Р/С:40702810500000670886
БИК:044525068",Перевод собственных средств с накопительного счета №40702810500000670886. НДС не облагается,,
3/24/2026,285,9003.44,,"Общество с ограниченной ответственностью ""Новомол""
ИНН:7719582054","Р/С:40702810300020007780
БИК:044525225","Переменная арендная плата февраль 2026 с 01.01.26 по 31.01.26 основание: Основной договор аренды, №:А-(К-20)-2023 от 09.06.2023 - K-20 - Boba Rabbit, В т.ч. НДС 22% - 1623.57 руб",rent,9003.44
3/24/2026,471980,49,,"ООО ""ОЗОН Банк""
ИНН:9703077050","Р/С:47423810400001884736
БИК:044525068","Комиссия за исполнение платежного документа №285 от 24.03.2026, в соответствии с тарифами Банка. НДС не облагается",bank fee,49
3/24/2026,286,10342.31,,"ИП Егиян Мэри Мкртычевна
ИНН:230400307545","Р/С:40802810205830000519
БИК:043510123",переменная Арендная Плата договору 001/01/2026 от 01.01.2026 за февраль 2026 г. В т.ч. НДС 7% - 676.6 руб,rent,10342.31
3/24/2026,471981,49,,"ООО ""ОЗОН Банк""
ИНН:9703077050","Р/С:47423810400001884736
БИК:044525068","Комиссия за исполнение платежного документа №286 от 24.03.2026, в соответствии с тарифами Банка. НДС не облагается",bank fee,49
3/24/2026,288,,2000,"ООО ""БОБА БАБЛ""
ИНН:2315238804","Р/С:40702810500000670886
БИК:044525068",Перевод собственных средств с накопительного счета №40702810500000670886. НДС не облагается,,
3/24/2026,289,3000,,"ИП Сафарянц Эдуард Геннадьевич
ИНН:231295969669","Р/С:40802810930000079807
БИК:040349602",АКТ СВЕРКИ ВЗАИМНЫХ РАСЧЕТОВ №737. В т.ч. НДС 5% - 142.86 руб,,
3/24/2026,479520,49,,"ООО ""ОЗОН Банк""
ИНН:9703077050","Р/С:47423810400001884736
БИК:044525068","Комиссия за исполнение платежного документа №289 от 24.03.2026, в соответствии с тарифами Банка. НДС не облагается",bank fee,49
3/25/2026,290,,1000,"ООО ""БОБА БАБЛ""
ИНН:2315238804","Р/С:40702810500000670886
БИК:044525068",Перевод собственных средств с накопительного счета №40702810500000670886. НДС не облагается,,
3/25/2026,292,,300,"ООО ""БОБА БАБЛ""
ИНН:2315238804","Р/С:40702810500000670886
БИК:044525068",Перевод собственных средств с накопительного счета №40702810500000670886. НДС не облагается,,
3/25/2026,291,1779.09,,"ООО ""ЮРО""
ИНН:6102065174","Р/С:40702810620100006282
БИК:044525388",Оплата по счету № 13439 от 31.03.2026. Сумма 1779-09. Без налога (НДС).,other payments,1779.09
3/25/2026,481245,49,,"ООО ""ОЗОН Банк""
ИНН:9703077050","Р/С:47423810400001884736
БИК:044525068","Комиссия за исполнение платежного документа №291 от 25.03.2026, в соответствии с тарифами Банка. НДС не облагается",bank fee,49
3/25/2026,293,,3000,"ООО ""БОБА БАБЛ""
ИНН:2315238804","Р/С:40702810500000670886
БИК:044525068",Перевод собственных средств с накопительного счета №40702810500000670886. НДС не облагается,,
3/25/2026,9497193470,2928,,"ООО ""ОЗОН Банк""
ИНН:9703077050","Р/С:30232810100001430316
БИК:044525068","Оплата товаров и услуг (по бизнес карте 1905, сумма 2928.00, MCC 7311, в устройстве 24007976, St.Petersburg RU, 2026-03-25, 17:33:28, VK*VK.COM)",purchase,2928
3/27/2026,294,,50000,"ООО ""БОБА БАБЛ""
ИНН:2315238804","Р/С:40702810500000670886
БИК:044525068",Перевод собственных средств с накопительного счета №40702810500000670886. НДС не облагается,,
3/27/2026,295,45000,,"ИП Бачу Владимир Виталиевич
ИНН:920150515528","Р/С:40802810800006164428
БИК:044525974","Размещение т/т на фестивале ""АниФест 2026"" по договору б/н от 23.03.2026. НДС не облагается",,
3/27/2026,504607,49,,"ООО ""ОЗОН Банк""
ИНН:9703077050","Р/С:47423810400001884736
БИК:044525068","Комиссия за исполнение платежного документа №295 от 27.03.2026, в соответствии с тарифами Банка. НДС не облагается",bank fee,49
3/28/2026,9555456356,1026.69,,"ООО ""ОЗОН Банк""
ИНН:9703077050","Р/С:30232810100001430316
БИК:044525068","Оплата товаров и услуг (по бизнес карте 1905, сумма 1026.69, MCC 4816, в устройстве 62002735, ROSTOV-NA-DON RU, 2026-03-28, 16:10:51, https://www.kb161.ru/)",purchase,1026.69
3/28/2026,296,,10000,"ООО ""БОБА БАБЛ""
ИНН:2315238804","Р/С:40702810500000670886
БИК:044525068",Перевод собственных средств с накопительного счета №40702810500000670886. НДС не облагается,,
3/28/2026,9555482423,1026.69,,"ООО ""ОЗОН Банк""
ИНН:9703077050","Р/С:30232810100001430316
БИК:044525068","Оплата товаров и услуг (по бизнес карте 1905, сумма 1026.69, MCC 4816, в устройстве 62002735, ROSTOV-NA-DON RU, 2026-03-28, 16:12:08, https://www.kb161.ru/)",purchase,1026.69
3/28/2026,9555502103,1026.69,,"ООО ""ОЗОН Банк""
ИНН:9703077050","Р/С:30232810100001430316
БИК:044525068","Оплата товаров и услуг (по бизнес карте 1905, сумма 1026.69, MCC 4816, в устройстве 62002735, ROSTOV-NA-DON RU, 2026-03-28, 16:13:05, https://www.kb161.ru/)",purchase,1026.69
3/28/2026,9555515997,1026.69,,"ООО ""ОЗОН Банк""
ИНН:9703077050","Р/С:30232810100001430316
БИК:044525068","Оплата товаров и услуг (по бизнес карте 1905, сумма 1026.69, MCC 4816, в устройстве 62002735, ROSTOV-NA-DON RU, 2026-03-28, 16:13:45, https://www.kb161.ru/)",purchase,1026.69
3/28/2026,9555531775,1026.69,,"ООО ""ОЗОН Банк""
ИНН:9703077050","Р/С:30232810100001430316
БИК:044525068","Оплата товаров и услуг (по бизнес карте 1905, сумма 1026.69, MCC 4816, в устройстве 62002735, ROSTOV-NA-DON RU, 2026-03-28, 16:14:32, https://www.kb161.ru/)",purchase,1026.69
3/28/2026,9555565055,1026.69,,"ООО ""ОЗОН Банк""
ИНН:9703077050","Р/С:30232810100001430316
БИК:044525068","Оплата товаров и услуг (по бизнес карте 1905, сумма 1026.69, MCC 4816, в устройстве 62002735, ROSTOV-NA-DON RU, 2026-03-28, 16:16:07, https://www.kb161.ru/)",purchase,1026.69
3/28/2026,297,,61000,"ООО ""БОБА БАБЛ""
ИНН:2315238804","Р/С:40702810500000670886
БИК:044525068",Перевод собственных средств с накопительного счета №40702810500000670886. НДС не облагается,,
3/28/2026,9557069995,61330,,"ООО ""ОЗОН Банк""
ИНН:9703077050","Р/С:30232810300000000026
БИК:044525068","Оплата по заказу № 0202027007-0071 от 28.03.2026 в том числе НДС. Получатель ООО ""ИНТЕРНЕТ РЕШЕНИЯ"", ИНН 7704217370.",ozon orders,61330
3/28/2026,9560629777,855,,"ООО ""ОЗОН Банк""
ИНН:9703077050","Р/С:30232810100001430316
БИК:044525068","Оплата товаров и услуг (по бизнес карте 1905, сумма 855.00, MCC 5300, в устройстве 24644518, Moskva RU, 2026-03-28, 20:43:09, TBank-Avito)",purchase,855
3/28/2026,9560772307,,1079,"ООО ""ОЗОН Банк""
ИНН:9703077050","Р/С:47423810900001404001
БИК:044525068","Возврат оплаты за товары/услуги, купленные на Платформе Ozon, заказ № 0202027007-0071. В том числе НДС.",return,1079
3/29/2026,298,,20000,"ООО ""БОБА БАБЛ""
ИНН:2315238804","Р/С:40702810500000670886
БИК:044525068",Перевод собственных средств с накопительного счета №40702810500000670886. НДС не облагается,,
3/29/2026,300,,20000,"ООО ""БОБА БАБЛ""
ИНН:2315238804","Р/С:40702810500000670886
БИК:044525068",Перевод собственных средств с накопительного счета №40702810500000670886. НДС не облагается,,
3/30/2026,301,9600,,"ИП Мацкевич Вадим Леонидович
ИНН:231517834320","Р/С:40802810506140002591
БИК:044525411","Изготовление неоновой вывески ""Корн дог"" (на черной основе). НДС не облагается",,
3/30/2026,299,23000,,"Индивидуальный предприниматель Сарычев Юрий Юрьевич
ИНН:236004318400","Р/С:40802810326020036806
БИК:046015207",Оплата по заказу  №АБ/11173. Усьпновка финансового накопителя. НДС не облагается,ozon orders,23000
3/30/2026,517782,49,,"ООО ""ОЗОН Банк""
ИНН:9703077050","Р/С:47423810400001884736
БИК:044525068","Комиссия за исполнение платежного документа №299 от 29.03.2026, в соответствии с тарифами Банка. НДС не облагается",bank fee,49
3/30/2026,517972,49,,"ООО ""ОЗОН Банк""
ИНН:9703077050","Р/С:47423810400001884736
БИК:044525068","Комиссия за исполнение платежного документа №301 от 29.03.2026, в соответствии с тарифами Банка. НДС не облагается",bank fee,49
